日期,广告形式,产品,展现量,点击量,点击率,总加购数,转化率,ROI,总订单行,总订单金额,总费用,是否为钻展广告,是否为超级推荐广告,是否为直通车广告,是否为品销宝广告,点击率/转化率,销售额/ROI,点击量/展现量,加购数/点击量,订单数/加购数
2020-11-01,钻展,nan,188875,5332,2.8230311052283255,156,1.350337584396099,4.129289027308338,72,64867.649999999994,15709.157090000002,1,0,0,0,2.0906113684829766,15709.157090000004,0.028230311052283255,0.029257314328582147,2.1666666666666665
2020-11-02,钻展,nan,176138,4357,2.4736286320952887,100,0.6655955932981409,2.2868533196532956,29,27849.16,12177.9389,1,0,0,0,3.716413775875577,12177.9389,0.02473628632095289,0.022951572182694516,3.4482758620689653
2020-11-03,钻展,nan,125159,3214,2.5679335884754595,45,0.8400746733042938,3.8446523983804957,27,27892.55,7254.89514,1,0,0,0,3.0567920568000466,7254.89514,0.025679335884754594,0.014001244555071561,1.6666666666666667
2020-11-04,钻展,nan,86573,2426,2.8022593649290193,28,0.2061005770816158,1.0025891633901562,5,4986.0,4973.12377,1,0,0,0,13.596562438635603,4973.12377,0.028022593649290193,0.011541632316570486,5.6
2020-11-05,钻展,nan,89541,2687,3.000859941255961,18,0.11164867882396724,0.4412,3,2206.0,5000.0,1,0,0,0,26.87770220718256,5000.0,0.03000859941255961,0.006698920729438035,6.0
2020-11-06,钻展,nan,196477,4909,2.4985112761290127,60,0.06111224281931147,0.049992031885659906,3,601.0,12021.915840000001,1,0,0,0,40.883972848391075,12021.915840000001,0.024985112761290125,0.012222448563862294,20.0
2020-11-07,钻展,nan,207116,6177,2.9823866818594413,83,0.04856726566294317,0.00018406818625818538,3,3.0,16298.30804,1,0,0,0,61.407341779485904,16298.308039999998,0.029823866818594412,0.013436943500080945,27.666666666666668
2020-11-08,钻展,nan,218535,6275,2.871393598279452,127,0.03187250996015936,0.00012315777847006544,2,2.0,16239.331569999998,1,0,0,0,90.08997414601781,16239.33157,0.02871393598279452,0.020239043824701194,63.5
2020-11-09,钻展,nan,259978,6290,2.4194354906953666,127,0.6359300476947536,2.4946616489414524,40,53698.36,21525.307859999997,1,0,0,0,3.804562309118464,21525.307859999997,0.024194354906953666,0.020190779014308425,3.175
2020-11-10,钻展,nan,177034,6725,3.798705333438775,177,1.5464684014869887,4.058394717283539,104,86218.98000000001,21244.601870000002,1,0,0,0,2.4563743622476695,21244.601870000002,0.037987053334387746,0.026319702602230485,1.7019230769230769
2020-11-11,钻展,nan,224580,7394,3.292367975777006,172,1.785231268596159,5.485273316113522,132,128021.81999999999,23339.187059999997,1,0,0,0,1.8442249100678167,23339.187059999997,0.03292367975777006,0.023262104408980255,1.303030303030303
2020-11-12,钻展,nan,1687,93,5.512744516893894,0,0.0,0.0,0,0.0,260.34776,1,0,0,0,0.0,0.0,0.05512744516893894,0.0,0.0
2020-11-24,钻展,nan,22314,529,2.3707089719458634,11,0.3780718336483932,1.6245454545454545,2,1787.0,1100.0,1,0,0,0,6.2705252307968085,1100.0,0.023707089719458636,0.020793950850661626,5.5
2020-11-25,钻展,nan,32896,816,2.480544747081712,11,0.12254901960784313,0.9890909090909091,1,1088.0,1100.0,1,0,0,0,20.241245136186773,1100.0,0.02480544747081712,0.013480392156862746,11.0
2020-11-26,钻展,nan,16416,419,2.5523879142300196,7,0.7159904534606205,10.461666666666666,3,6277.0,600.0,1,0,0,0,3.5648351202079276,600.0,0.025523879142300195,0.016706443914081145,2.3333333333333335
2020-11-27,钻展,nan,14828,378,2.549231184246021,5,1.3227513227513228,24.117383333333333,5,14470.43,600.0,1,0,0,0,1.9272187752899919,600.0,0.02549231184246021,0.013227513227513227,1.0
2020-11-28,钻展,nan,16606,536,3.2277490063832346,2,0.3731343283582089,11.528333333333334,2,6917.0,600.0,1,0,0,0,8.650367337107069,600.0,0.03227749006383235,0.0037313432835820895,1.0
2020-11-29,钻展,nan,21807,616,2.82478103361306,5,0.0,0.0,0,0.0,600.0,1,0,0,0,0.0,0.0,0.0282478103361306,0.008116883116883116,0.0
2020-11-30,钻展,nan,22847,621,2.718081148509651,1,0.1610305958132045,1.5983333333333334,1,959.0,600.0,1,0,0,0,16.879283932244935,600.0,0.02718081148509651,0.001610305958132045,1.0
2020-12-01,钻展,nan,0,0,nan,0,nan,nan,0,0.0,0.0,1,0,0,0,nan,nan,0.0,0.0,0.0
2020-12-02,钻展,nan,0,0,nan,0,nan,nan,0,0.0,0.0,1,0,0,0,nan,nan,0.0,0.0,0.0
2020-12-03,钻展,nan,0,0,nan,0,nan,nan,0,0.0,0.0,1,0,0,0,nan,nan,0.0,0.0,0.0
2020-12-04,钻展,nan,0,0,nan,0,nan,nan,0,0.0,0.0,1,0,0,0,nan,nan,0.0,0.0,0.0
2020-12-05,钻展,nan,0,0,nan,0,nan,nan,0,0.0,0.0,1,0,0,0,nan,nan,0.0,0.0,0.0
2020-12-06,钻展,nan,0,0,nan,0,nan,nan,0,0.0,0.0,1,0,0,0,nan,nan,0.0,0.0,0.0
2020-12-07,钻展,nan,0,0,nan,0,nan,nan,0,0.0,0.0,1,0,0,0,nan,nan,0.0,0.0,0.0
2020-12-08,钻展,nan,0,0,nan,0,nan,nan,0,0.0,0.0,1,0,0,0,nan,nan,0.0,0.0,0.0
2020-12-09,钻展,nan,0,0,nan,0,nan,nan,0,0.0,0.0,1,0,0,0,nan,nan,0.0,0.0,0.0
2020-12-10,钻展,nan,0,0,nan,0,nan,nan,0,0.0,0.0,1,0,0,0,nan,nan,0.0,0.0,0.0
2020-12-11,钻展,nan,0,0,nan,0,nan,nan,0,0.0,0.0,1,0,0,0,nan,nan,0.0,0.0,0.0
2020-12-12,钻展,nan,0,0,nan,0,nan,nan,0,0.0,0.0,1,0,0,0,nan,nan,0.0,0.0,0.0
2020-12-13,钻展,nan,0,0,nan,0,nan,nan,0,0.0,0.0,1,0,0,0,nan,nan,0.0,0.0,0.0
2020-12-14,钻展,nan,0,0,nan,0,nan,nan,0,0.0,0.0,1,0,0,0,nan,nan,0.0,0.0,0.0
2020-12-15,钻展,nan,0,0,nan,0,nan,nan,0,0.0,0.0,1,0,0,0,nan,nan,0.0,0.0,0.0
2020-12-16,钻展,nan,0,0,nan,0,nan,nan,0,0.0,0.0,1,0,0,0,nan,nan,0.0,0.0,0.0
2020-12-17,钻展,nan,0,0,nan,0,nan,nan,0,0.0,0.0,1,0,0,0,nan,nan,0.0,0.0,0.0
2020-12-18,钻展,nan,0,0,nan,0,nan,nan,0,0.0,0.0,1,0,0,0,nan,nan,0.0,0.0,0.0
2020-12-19,钻展,nan,0,0,nan,0,nan,nan,0,0.0,0.0,1,0,0,0,nan,nan,0.0,0.0,0.0
2020-12-20,钻展,nan,0,0,nan,0,nan,nan,0,0.0,0.0,1,0,0,0,nan,nan,0.0,0.0,0.0
2020-12-21,钻展,nan,0,0,nan,0,nan,nan,0,0.0,0.0,1,0,0,0,nan,nan,0.0,0.0,0.0
2020-12-22,钻展,nan,0,0,nan,0,nan,nan,0,0.0,0.0,1,0,0,0,nan,nan,0.0,0.0,0.0
2020-12-23,钻展,nan,0,0,nan,0,nan,nan,0,0.0,0.0,1,0,0,0,nan,nan,0.0,0.0,0.0
2020-12-24,钻展,nan,0,0,nan,0,nan,nan,0,0.0,0.0,1,0,0,0,nan,nan,0.0,0.0,0.0
2020-12-25,钻展,nan,0,0,nan,0,nan,nan,0,0.0,0.0,1,0,0,0,nan,nan,0.0,0.0,0.0
2020-12-26,钻展,nan,0,0,nan,0,nan,nan,0,0.0,0.0,1,0,0,0,nan,nan,0.0,0.0,0.0
2020-12-27,钻展,nan,0,0,nan,0,nan,nan,0,0.0,0.0,1,0,0,0,nan,nan,0.0,0.0,0.0
2020-12-28,钻展,nan,0,0,nan,0,nan,nan,0,0.0,0.0,1,0,0,0,nan,nan,0.0,0.0,0.0
2020-12-29,钻展,nan,0,0,nan,0,nan,nan,0,0.0,0.0,1,0,0,0,nan,nan,0.0,0.0,0.0
2020-12-30,钻展,nan,0,0,nan,0,nan,nan,0,0.0,0.0,1,0,0,0,nan,nan,0.0,0.0,0.0
2020-12-31,钻展,nan,0,0,nan,0,nan,nan,0,0.0,0.0,1,0,0,0,nan,nan,0.0,0.0,0.0
2021-01-01,钻展,nan,0,0,nan,0,nan,nan,0,0.0,0.0,1,0,0,0,nan,nan,0.0,0.0,0.0
2021-01-02,钻展,nan,0,0,nan,0,nan,nan,0,0.0,0.0,1,0,0,0,nan,nan,0.0,0.0,0.0
2021-01-06,钻展,nan,0,0,nan,0,nan,nan,0,0.0,0.0,1,0,0,0,nan,nan,0.0,0.0,0.0
2021-01-07,钻展,nan,0,0,nan,0,nan,nan,0,0.0,0.0,1,0,0,0,nan,nan,0.0,0.0,0.0
2021-01-08,钻展,nan,0,0,nan,0,nan,nan,0,0.0,0.0,1,0,0,0,nan,nan,0.0,0.0,0.0
2021-01-09,钻展,nan,0,0,nan,0,nan,nan,0,0.0,0.0,1,0,0,0,nan,nan,0.0,0.0,0.0
2021-01-12,钻展,nan,0,0,nan,0,nan,nan,0,0.0,0.0,1,0,0,0,nan,nan,0.0,0.0,0.0
2021-01-13,钻展,nan,0,0,nan,0,nan,nan,0,0.0,0.0,1,0,0,0,nan,nan,0.0,0.0,0.0
2021-01-14,钻展,nan,0,0,nan,0,nan,nan,0,0.0,0.0,1,0,0,0,nan,nan,0.0,0.0,0.0
2021-01-15,钻展,nan,0,0,nan,0,nan,nan,0,0.0,0.0,1,0,0,0,nan,nan,0.0,0.0,0.0
2021-01-17,钻展,nan,0,0,nan,0,nan,nan,0,0.0,0.0,1,0,0,0,nan,nan,0.0,0.0,0.0
2021-01-18,钻展,nan,0,0,nan,0,nan,nan,0,0.0,0.0,1,0,0,0,nan,nan,0.0,0.0,0.0
2021-01-19,钻展,nan,0,0,nan,0,nan,nan,0,0.0,0.0,1,0,0,0,nan,nan,0.0,0.0,0.0
2021-01-20,钻展,nan,0,0,nan,0,nan,nan,0,0.0,0.0,1,0,0,0,nan,nan,0.0,0.0,0.0
2021-01-21,钻展,nan,0,0,nan,0,nan,nan,0,0.0,0.0,1,0,0,0,nan,nan,0.0,0.0,0.0
2021-01-22,钻展,nan,0,0,nan,0,nan,nan,0,0.0,0.0,1,0,0,0,nan,nan,0.0,0.0,0.0
2021-01-23,钻展,nan,0,0,nan,0,nan,nan,0,0.0,0.0,1,0,0,0,nan,nan,0.0,0.0,0.0
2021-01-24,钻展,nan,0,0,nan,0,nan,nan,0,0.0,0.0,1,0,0,0,nan,nan,0.0,0.0,0.0
2021-01-25,钻展,nan,0,0,nan,0,nan,nan,0,0.0,0.0,1,0,0,0,nan,nan,0.0,0.0,0.0
2021-01-26,钻展,nan,0,0,nan,0,nan,nan,0,0.0,0.0,1,0,0,0,nan,nan,0.0,0.0,0.0
2021-01-27,钻展,nan,0,0,nan,0,nan,nan,0,0.0,0.0,1,0,0,0,nan,nan,0.0,0.0,0.0
2021-01-28,钻展,nan,0,0,nan,0,nan,nan,0,0.0,0.0,1,0,0,0,nan,nan,0.0,0.0,0.0
2021-01-29,钻展,nan,0,0,nan,0,nan,nan,0,0.0,0.0,1,0,0,0,nan,nan,0.0,0.0,0.0
2021-01-30,钻展,nan,0,0,nan,0,nan,nan,0,0.0,0.0,1,0,0,0,nan,nan,0.0,0.0,0.0
2021-01-31,钻展,nan,0,0,nan,0,nan,nan,0,0.0,0.0,1,0,0,0,nan,nan,0.0,0.0,0.0
2021-02-01,钻展,nan,0,0,nan,0,nan,nan,0,0.0,0.0,1,0,0,0,nan,nan,0.0,0.0,0.0
2021-02-04,钻展,nan,0,0,nan,0,nan,nan,0,0.0,0.0,1,0,0,0,nan,nan,0.0,0.0,0.0
2021-02-05,钻展,nan,0,0,nan,0,nan,nan,0,0.0,0.0,1,0,0,0,nan,nan,0.0,0.0,0.0
2021-02-06,钻展,nan,0,0,nan,0,nan,nan,0,0.0,0.0,1,0,0,0,nan,nan,0.0,0.0,0.0
2021-02-07,钻展,nan,0,0,nan,0,nan,nan,0,0.0,0.0,1,0,0,0,nan,nan,0.0,0.0,0.0
2021-02-22,钻展,nan,0,0,nan,0,nan,nan,0,0.0,0.0,1,0,0,0,nan,nan,0.0,0.0,0.0
2021-02-23,钻展,nan,0,0,nan,0,nan,nan,0,0.0,0.0,1,0,0,0,nan,nan,0.0,0.0,0.0
2021-02-24,钻展,nan,0,0,nan,0,nan,nan,0,0.0,0.0,1,0,0,0,nan,nan,0.0,0.0,0.0
2021-02-25,钻展,nan,0,0,nan,0,nan,nan,0,0.0,0.0,1,0,0,0,nan,nan,0.0,0.0,0.0
2021-02-26,钻展,nan,0,0,nan,0,nan,nan,0,0.0,0.0,1,0,0,0,nan,nan,0.0,0.0,0.0
2021-02-27,钻展,nan,0,0,nan,0,nan,nan,0,0.0,0.0,1,0,0,0,nan,nan,0.0,0.0,0.0
2020-11-01,超级推荐,nan,181763,2851,1.5685260476554634,159,1.578393546124167,3.759461518376436,45,52409.45000000001,13940.68,0,1,0,0,0.9937483915257169,13940.68,0.015685260476554636,0.055769905296387236,3.533333333333333
2020-11-02,超级推荐,nan,178742,1676,0.9376643430195477,79,1.4916467780429594,2.398705737093541,25,17076.649999999998,7119.11,0,1,0,0,0.6286101755603047,7119.11,0.009376643430195477,0.04713603818615752,3.16
2020-11-03,超级推荐,nan,234616,2116,0.9018992737068231,75,0.8506616257088847,1.9241964059731718,18,16573.45,8613.179999999998,0,1,0,0,1.0602327017575766,8613.179999999998,0.009018992737068231,0.03544423440453686,4.166666666666667
2020-11-04,超级推荐,nan,205568,1423,0.6922283623910336,60,0.07027406886858749,0.0637731955555786,1,369.0,5786.129999999999,0,1,0,0,9.850409596824408,5786.13,0.006922283623910336,0.0421644413211525,60.0
2020-11-05,超级推荐,nan,195573,1690,0.8641274613571402,75,0.1183431952662722,0.8693970731297845,2,5800.0,6671.29,0,1,0,0,7.301877048467834,6671.29,0.008641274613571403,0.04437869822485207,37.5
2020-11-06,超级推荐,nan,271727,2480,0.912680742068326,107,0.0,0.0,0,0.0,10706.079999999998,0,1,0,0,0.0,0.0,0.00912680742068326,0.04314516129032258,0.0
2020-11-07,超级推荐,nan,207400,2497,1.203953712632594,159,0.24028834601521826,0.030615506249264055,6,364.0,11889.399999999998,0,1,0,0,5.010454034072646,11889.399999999998,0.01203953712632594,0.06367641169403283,26.5
2020-11-08,超级推荐,nan,228679,2751,1.2029963398475592,148,0.1817520901490367,0.08795480543752572,5,1201.0,13654.74,0,1,0,0,6.618885861841271,13654.74,0.012029963398475592,0.05379861868411487,29.6
2020-11-09,超级推荐,nan,140813,2201,1.5630659101077315,142,1.8627896410722398,3.5489605130147392,41,39636.52999999999,11168.490000000002,0,1,0,0,0.8390995288163701,11168.490000000002,0.015630659101077315,0.06451612903225806,3.4634146341463414
2020-11-10,超级推荐,nan,142585,2516,1.7645614896377602,210,3.7758346581875997,8.092735378264488,95,102764.70999999999,12698.39,0,1,0,0,0.46733017978195834,12698.390000000001,0.0176456148963776,0.0834658187599364,2.210526315789474
2020-11-11,超级推荐,nan,302390,4190,1.385627831608188,217,1.8377088305489258,4.591288526391639,77,92836.91,20220.229999999996,0,1,0,0,0.7539974823945855,20220.229999999996,0.01385627831608188,0.05178997613365155,2.8181818181818183
2020-11-12,超级推荐,nan,144879,1124,0.7758198220584074,62,0.26690391459074736,1.1619387201172322,3,3917.0,3371.0899999999997,0,1,0,0,2.9067382666454993,3371.0899999999997,0.007758198220584074,0.05516014234875445,20.666666666666668
2020-11-13,超级推荐,nan,216911,1371,0.6320564655549972,50,0.2188183807439825,0.47446952405106096,3,1347.0,2838.96,0,1,0,0,2.888498047586337,2838.96,0.006320564655549972,0.03646973012399708,16.666666666666668
2020-11-14,超级推荐,nan,286910,1571,0.5475584678122059,87,0.19096117122851686,1.7100630753389603,3,5547.0,3243.7400000000007,0,1,0,0,2.8673811764432515,3243.7400000000007,0.005475584678122059,0.05537873965626989,29.0
2020-11-15,超级推荐,nan,334383,1744,0.5215576150701441,76,0.286697247706422,2.4191163787792918,5,7854.0,3246.6400000000003,0,1,0,0,1.8191929613646625,3246.64,0.005215576150701441,0.04357798165137615,15.2
2020-11-16,超级推荐,nan,431519,1727,0.4002141273037804,89,0.11580775911986102,1.1348006560181665,2,3688.0,3249.9100000000003,0,1,0,0,3.4558489892681443,3249.9100000000003,0.004002141273037804,0.05153445280833816,44.5
2020-11-17,超级推荐,nan,361996,1694,0.4679609719444414,78,0.47225501770956313,7.4129752972182255,8,24274.01,3274.53,0,1,0,0,0.9909073580923548,3274.53,0.004679609719444414,0.04604486422668241,9.75
2020-11-18,超级推荐,nan,384520,1959,0.5094663476542183,57,0.1531393568147014,1.658481212657328,3,6487.0,3911.4100000000003,0,1,0,0,3.326815250182045,3911.4100000000003,0.005094663476542183,0.02909647779479326,19.0
2020-11-19,超级推荐,nan,331094,1652,0.4989519592623243,52,0.18159806295399517,0.5591131642278221,3,1617.0,2892.0800000000004,0,1,0,0,2.7475621223378655,2892.0800000000004,0.0049895195926232426,0.031476997578692496,17.333333333333332
2020-11-20,超级推荐,nan,237326,1143,0.4816160049889182,44,0.5249343832020997,4.1840715636822186,6,8494.0,2030.0800000000004,0,1,0,0,0.9174784895038892,2030.0800000000004,0.004816160049889182,0.03849518810148731,7.333333333333333
2020-11-21,超级推荐,nan,251709,1384,0.5498412849759047,61,0.5057803468208093,2.6199769290330734,7,6632.0,2531.32,0,1,0,0,1.08711476915236,2531.32,0.005498412849759047,0.04407514450867052,8.714285714285714
2020-11-22,超级推荐,nan,260812,1481,0.5678419704614819,68,0.4726536124240378,4.006144278140982,7,10693.0,2669.1499999999996,0,1,0,0,1.2013913689335067,2669.149999999999,0.005678419704614818,0.04591492234976367,9.714285714285714
2020-11-23,超级推荐,nan,115357,723,0.6267500021671853,30,0.8298755186721992,3.160713582483362,6,4013.0,1269.6499999999999,0,1,0,0,0.7552337526114583,1269.6499999999999,0.006267500021671853,0.04149377593360996,5.0
2020-11-24,超级推荐,nan,25344,243,0.9588068181818182,15,0.0,0.0,0,0.0,303.16,0,1,0,0,0.0,0.0,0.009588068181818182,0.06172839506172839,0.0
2020-11-25,超级推荐,nan,33068,327,0.9888714164751421,16,1.2232415902140672,17.024738755688897,4,6696.0,393.31,0,1,0,0,0.8084023829684287,393.31,0.00988871416475142,0.04892966360856269,4.0
2020-11-26,超级推荐,nan,20673,154,0.7449330044018768,6,0.0,0.0,0,0.0,200.0,0,1,0,0,0.0,0.0,0.007449330044018768,0.03896103896103896,0.0
2020-11-27,超级推荐,nan,27741,157,0.5659493168955697,5,0.6369426751592357,2.995,1,599.0,200.0,0,1,0,0,0.8885404275260443,200.0,0.005659493168955697,0.03184713375796178,5.0
2020-11-28,超级推荐,nan,26918,182,0.6761274983282561,8,1.098901098901099,6.929499543193584,2,1365.25,197.02,0,1,0,0,0.615276023478713,197.02,0.0067612749832825616,0.04395604395604396,4.0
2020-11-29,超级推荐,nan,20877,170,0.8142932413660967,10,0.5882352941176471,2.967553405884724,1,589.0,198.48,0,1,0,0,1.3842985103223644,198.48,0.008142932413660967,0.058823529411764705,10.0
2020-11-30,超级推荐,nan,8485,54,0.6364172068355922,1,0.0,0.0,0,0.0,68.14,0,1,0,0,0.0,0.0,0.006364172068355922,0.018518518518518517,0.0
2020-12-01,超级推荐,nan,0,0,nan,0,nan,nan,0,0.0,0.0,0,1,0,0,nan,nan,0.0,0.0,0.0
2020-12-02,超级推荐,nan,0,0,nan,0,nan,nan,0,0.0,0.0,0,1,0,0,nan,nan,0.0,0.0,0.0
2020-12-03,超级推荐,nan,0,0,nan,0,nan,nan,0,0.0,0.0,0,1,0,0,nan,nan,0.0,0.0,0.0
2020-12-04,超级推荐,nan,0,0,nan,0,nan,nan,0,0.0,0.0,0,1,0,0,nan,nan,0.0,0.0,0.0
2020-12-05,超级推荐,nan,0,0,nan,0,nan,nan,0,0.0,0.0,0,1,0,0,nan,nan,0.0,0.0,0.0
2020-12-06,超级推荐,nan,0,0,nan,0,nan,nan,0,0.0,0.0,0,1,0,0,nan,nan,0.0,0.0,0.0
2020-12-07,超级推荐,nan,0,0,nan,0,nan,nan,0,0.0,0.0,0,1,0,0,nan,nan,0.0,0.0,0.0
2020-12-08,超级推荐,nan,0,0,nan,0,nan,nan,0,0.0,0.0,0,1,0,0,nan,nan,0.0,0.0,0.0
2020-12-09,超级推荐,nan,0,0,nan,0,nan,nan,0,0.0,0.0,0,1,0,0,nan,nan,0.0,0.0,0.0
2020-12-10,超级推荐,nan,0,0,nan,0,nan,nan,0,0.0,0.0,0,1,0,0,nan,nan,0.0,0.0,0.0
2020-12-11,超级推荐,nan,0,0,nan,0,nan,nan,0,0.0,0.0,0,1,0,0,nan,nan,0.0,0.0,0.0
2020-12-12,超级推荐,nan,0,0,nan,0,nan,nan,0,0.0,0.0,0,1,0,0,nan,nan,0.0,0.0,0.0
2020-12-13,超级推荐,nan,0,0,nan,0,nan,nan,0,0.0,0.0,0,1,0,0,nan,nan,0.0,0.0,0.0
2020-12-14,超级推荐,nan,0,0,nan,0,nan,nan,0,0.0,0.0,0,1,0,0,nan,nan,0.0,0.0,0.0
2020-12-15,超级推荐,nan,0,0,nan,0,nan,nan,0,0.0,0.0,0,1,0,0,nan,nan,0.0,0.0,0.0
2020-12-16,超级推荐,nan,0,0,nan,0,nan,nan,0,0.0,0.0,0,1,0,0,nan,nan,0.0,0.0,0.0
2020-12-17,超级推荐,nan,0,0,nan,0,nan,nan,0,0.0,0.0,0,1,0,0,nan,nan,0.0,0.0,0.0
2020-12-18,超级推荐,nan,0,0,nan,0,nan,nan,0,0.0,0.0,0,1,0,0,nan,nan,0.0,0.0,0.0
2020-12-19,超级推荐,nan,0,0,nan,0,nan,nan,0,0.0,0.0,0,1,0,0,nan,nan,0.0,0.0,0.0
2020-12-20,超级推荐,nan,0,0,nan,0,nan,nan,0,0.0,0.0,0,1,0,0,nan,nan,0.0,0.0,0.0
2020-12-21,超级推荐,nan,0,0,nan,0,nan,nan,0,0.0,0.0,0,1,0,0,nan,nan,0.0,0.0,0.0
2020-12-22,超级推荐,nan,0,0,nan,0,nan,nan,0,0.0,0.0,0,1,0,0,nan,nan,0.0,0.0,0.0
2020-12-23,超级推荐,nan,0,0,nan,0,nan,nan,0,0.0,0.0,0,1,0,0,nan,nan,0.0,0.0,0.0
2020-12-24,超级推荐,nan,0,0,nan,0,nan,nan,0,0.0,0.0,0,1,0,0,nan,nan,0.0,0.0,0.0
2020-12-25,超级推荐,nan,0,0,nan,0,nan,nan,0,0.0,0.0,0,1,0,0,nan,nan,0.0,0.0,0.0
2020-12-26,超级推荐,nan,0,0,nan,0,nan,nan,0,0.0,0.0,0,1,0,0,nan,nan,0.0,0.0,0.0
2020-12-27,超级推荐,nan,0,0,nan,0,nan,nan,0,0.0,0.0,0,1,0,0,nan,nan,0.0,0.0,0.0
2020-12-28,超级推荐,nan,0,0,nan,0,nan,nan,0,0.0,0.0,0,1,0,0,nan,nan,0.0,0.0,0.0
2020-12-29,超级推荐,nan,0,0,nan,0,nan,nan,0,0.0,0.0,0,1,0,0,nan,nan,0.0,0.0,0.0
2020-12-30,超级推荐,nan,0,0,nan,0,nan,nan,0,0.0,0.0,0,1,0,0,nan,nan,0.0,0.0,0.0
2020-12-31,超级推荐,nan,0,0,nan,0,nan,nan,0,0.0,0.0,0,1,0,0,nan,nan,0.0,0.0,0.0
2021-01-01,超级推荐,nan,0,0,nan,0,nan,nan,0,0.0,0.0,0,1,0,0,nan,nan,0.0,0.0,0.0
2021-01-02,超级推荐,nan,0,0,nan,0,nan,nan,0,0.0,0.0,0,1,0,0,nan,nan,0.0,0.0,0.0
2021-01-03,超级推荐,nan,0,0,nan,0,nan,nan,0,0.0,0.0,0,1,0,0,nan,nan,0.0,0.0,0.0
2021-01-04,超级推荐,nan,0,0,nan,0,nan,nan,0,0.0,0.0,0,1,0,0,nan,nan,0.0,0.0,0.0
2021-01-05,超级推荐,nan,0,0,nan,0,nan,nan,0,0.0,0.0,0,1,0,0,nan,nan,0.0,0.0,0.0
2021-01-06,超级推荐,nan,0,0,nan,0,nan,nan,0,0.0,0.0,0,1,0,0,nan,nan,0.0,0.0,0.0
2021-01-07,超级推荐,nan,0,0,nan,0,nan,nan,0,0.0,0.0,0,1,0,0,nan,nan,0.0,0.0,0.0
2021-01-08,超级推荐,nan,0,0,nan,0,nan,nan,0,0.0,0.0,0,1,0,0,nan,nan,0.0,0.0,0.0
2021-01-09,超级推荐,nan,0,0,nan,0,nan,nan,0,0.0,0.0,0,1,0,0,nan,nan,0.0,0.0,0.0
2021-01-10,超级推荐,nan,0,0,nan,0,nan,nan,0,0.0,0.0,0,1,0,0,nan,nan,0.0,0.0,0.0
2021-01-11,超级推荐,nan,0,0,nan,0,nan,nan,0,0.0,0.0,0,1,0,0,nan,nan,0.0,0.0,0.0
2021-01-12,超级推荐,nan,0,0,nan,0,nan,nan,0,0.0,0.0,0,1,0,0,nan,nan,0.0,0.0,0.0
2021-01-13,超级推荐,nan,0,0,nan,0,nan,nan,0,0.0,0.0,0,1,0,0,nan,nan,0.0,0.0,0.0
2021-01-14,超级推荐,nan,0,0,nan,0,nan,nan,0,0.0,0.0,0,1,0,0,nan,nan,0.0,0.0,0.0
2021-01-15,超级推荐,nan,0,0,nan,0,nan,nan,0,0.0,0.0,0,1,0,0,nan,nan,0.0,0.0,0.0
2021-01-16,超级推荐,nan,0,0,nan,0,nan,nan,0,0.0,0.0,0,1,0,0,nan,nan,0.0,0.0,0.0
2021-01-17,超级推荐,nan,0,0,nan,0,nan,nan,0,0.0,0.0,0,1,0,0,nan,nan,0.0,0.0,0.0
2021-01-18,超级推荐,nan,0,0,nan,0,nan,nan,0,0.0,0.0,0,1,0,0,nan,nan,0.0,0.0,0.0
2021-01-19,超级推荐,nan,0,0,nan,0,nan,nan,0,0.0,0.0,0,1,0,0,nan,nan,0.0,0.0,0.0
2021-01-20,超级推荐,nan,0,0,nan,0,nan,nan,0,0.0,0.0,0,1,0,0,nan,nan,0.0,0.0,0.0
2021-01-21,超级推荐,nan,0,0,nan,0,nan,nan,0,0.0,0.0,0,1,0,0,nan,nan,0.0,0.0,0.0
2021-01-22,超级推荐,nan,0,0,nan,0,nan,nan,0,0.0,0.0,0,1,0,0,nan,nan,0.0,0.0,0.0
2021-01-23,超级推荐,nan,0,0,nan,0,nan,nan,0,0.0,0.0,0,1,0,0,nan,nan,0.0,0.0,0.0
2021-01-24,超级推荐,nan,0,0,nan,0,nan,nan,0,0.0,0.0,0,1,0,0,nan,nan,0.0,0.0,0.0
2021-01-25,超级推荐,nan,0,0,nan,0,nan,nan,0,0.0,0.0,0,1,0,0,nan,nan,0.0,0.0,0.0
2021-01-26,超级推荐,nan,0,0,nan,0,nan,nan,0,0.0,0.0,0,1,0,0,nan,nan,0.0,0.0,0.0
2021-01-27,超级推荐,nan,0,0,nan,0,nan,nan,0,0.0,0.0,0,1,0,0,nan,nan,0.0,0.0,0.0
2021-01-28,超级推荐,nan,0,0,nan,0,nan,nan,0,0.0,0.0,0,1,0,0,nan,nan,0.0,0.0,0.0
2021-01-29,超级推荐,nan,0,0,nan,0,nan,nan,0,0.0,0.0,0,1,0,0,nan,nan,0.0,0.0,0.0
2021-01-30,超级推荐,nan,0,0,nan,0,nan,nan,0,0.0,0.0,0,1,0,0,nan,nan,0.0,0.0,0.0
2021-01-31,超级推荐,nan,0,0,nan,0,nan,nan,0,0.0,0.0,0,1,0,0,nan,nan,0.0,0.0,0.0
2021-02-01,超级推荐,nan,0,0,nan,0,nan,nan,0,0.0,0.0,0,1,0,0,nan,nan,0.0,0.0,0.0
2021-02-02,超级推荐,nan,0,0,nan,0,nan,nan,0,0.0,0.0,0,1,0,0,nan,nan,0.0,0.0,0.0
2021-02-03,超级推荐,nan,0,0,nan,0,nan,nan,0,0.0,0.0,0,1,0,0,nan,nan,0.0,0.0,0.0
2021-02-04,超级推荐,nan,0,0,nan,0,nan,nan,0,0.0,0.0,0,1,0,0,nan,nan,0.0,0.0,0.0
2021-02-05,超级推荐,nan,0,0,nan,0,nan,nan,0,0.0,0.0,0,1,0,0,nan,nan,0.0,0.0,0.0
2021-02-06,超级推荐,nan,0,0,nan,0,nan,nan,0,0.0,0.0,0,1,0,0,nan,nan,0.0,0.0,0.0
2021-02-07,超级推荐,nan,0,0,nan,0,nan,nan,0,0.0,0.0,0,1,0,0,nan,nan,0.0,0.0,0.0
2021-02-08,超级推荐,nan,0,0,nan,0,nan,nan,0,0.0,0.0,0,1,0,0,nan,nan,0.0,0.0,0.0
2021-02-09,超级推荐,nan,0,0,nan,0,nan,nan,0,0.0,0.0,0,1,0,0,nan,nan,0.0,0.0,0.0
2021-02-10,超级推荐,nan,0,0,nan,0,nan,nan,0,0.0,0.0,0,1,0,0,nan,nan,0.0,0.0,0.0
2021-02-11,超级推荐,nan,0,0,nan,0,nan,nan,0,0.0,0.0,0,1,0,0,nan,nan,0.0,0.0,0.0
2021-02-12,超级推荐,nan,0,0,nan,0,nan,nan,0,0.0,0.0,0,1,0,0,nan,nan,0.0,0.0,0.0
2021-02-13,超级推荐,nan,0,0,nan,0,nan,nan,0,0.0,0.0,0,1,0,0,nan,nan,0.0,0.0,0.0
2021-02-14,超级推荐,nan,0,0,nan,0,nan,nan,0,0.0,0.0,0,1,0,0,nan,nan,0.0,0.0,0.0
2021-02-15,超级推荐,nan,0,0,nan,0,nan,nan,0,0.0,0.0,0,1,0,0,nan,nan,0.0,0.0,0.0
2021-02-16,超级推荐,nan,0,0,nan,0,nan,nan,0,0.0,0.0,0,1,0,0,nan,nan,0.0,0.0,0.0
2021-02-17,超级推荐,nan,0,0,nan,0,nan,nan,0,0.0,0.0,0,1,0,0,nan,nan,0.0,0.0,0.0
2021-02-18,超级推荐,nan,0,0,nan,0,nan,nan,0,0.0,0.0,0,1,0,0,nan,nan,0.0,0.0,0.0
2021-02-19,超级推荐,nan,0,0,nan,0,nan,nan,0,0.0,0.0,0,1,0,0,nan,nan,0.0,0.0,0.0
2021-02-20,超级推荐,nan,0,0,nan,0,nan,nan,0,0.0,0.0,0,1,0,0,nan,nan,0.0,0.0,0.0
2021-02-21,超级推荐,nan,0,0,nan,0,nan,nan,0,0.0,0.0,0,1,0,0,nan,nan,0.0,0.0,0.0
2021-02-22,超级推荐,nan,0,0,nan,0,nan,nan,0,0.0,0.0,0,1,0,0,nan,nan,0.0,0.0,0.0
2021-02-23,超级推荐,nan,0,0,nan,0,nan,nan,0,0.0,0.0,0,1,0,0,nan,nan,0.0,0.0,0.0
2021-02-24,超级推荐,nan,0,0,nan,0,nan,nan,0,0.0,0.0,0,1,0,0,nan,nan,0.0,0.0,0.0
2021-02-25,超级推荐,nan,0,0,nan,0,nan,nan,0,0.0,0.0,0,1,0,0,nan,nan,0.0,0.0,0.0
2021-02-26,超级推荐,nan,0,0,nan,0,nan,nan,0,0.0,0.0,0,1,0,0,nan,nan,0.0,0.0,0.0
2021-02-27,超级推荐,nan,0,0,nan,0,nan,nan,0,0.0,0.0,0,1,0,0,nan,nan,0.0,0.0,0.0
2021-02-28,超级推荐,nan,0,0,nan,0,nan,nan,0,0.0,0.0,0,1,0,0,nan,nan,0.0,0.0,0.0
2020-11-01 00:00:00,直通车,nan,331532,3461,1.0439414596479373,498.0,6.443224501589135,8.397078303094506,223.0,188973.97999999998,22504.729999999996,0,0,1,0,0.16202158707809466,22504.729999999992,0.010439414596479374,0.14388904940768563,2.233183856502242
2020-11-02 00:00:00,直通车,nan,234820,2906,1.237543650455668,320.0,3.544390915347557,5.7616873956459225,103.0,110356.70999999999,19153.539999999997,0,0,1,0,0.34915551924506516,19153.539999999997,0.012375436504556681,0.11011699931176876,3.1067961165048543
2020-11-03 00:00:00,直通车,nan,254310,3046,1.1977507766112225,304.0,4.300722258699934,6.143817412531982,131.0,122540.22,19945.289999999997,0,0,1,0,0.2784999134013576,19945.289999999997,0.011977507766112226,0.09980302035456336,2.3206106870229006
2020-11-04 00:00:00,直通车,nan,213091,2692,1.2633100412499825,241.0,3.083209509658247,4.770499848594011,83.0,82235.88,17238.420000000006,0,0,1,0,0.40973863024637985,17238.420000000006,0.012633100412499824,0.08952451708766716,2.9036144578313254
2020-11-05 00:00:00,直通车,nan,257796,2772,1.0752688172043012,253.0,2.922077922077922,5.497359561743384,81.0,96947.75,17635.33000000001,0,0,1,0,0.3679808841099165,17635.33000000001,0.010752688172043012,0.09126984126984126,3.123456790123457
2020-11-06 00:00:00,直通车,nan,212891,2840,1.3340159987975067,323.0,3.591549295774648,5.534639074287275,102.0,102734.69,18562.12999999999,0,0,1,0,0.3714319055475411,18562.12999999999,0.013340159987975067,0.11373239436619718,3.1666666666666665
2020-11-07 00:00:00,直通车,nan,254648,2462,0.9668247934403568,267.0,2.39642567018684,4.235967319600094,59.0,68656.04999999999,16207.880000000001,0,0,1,0,0.4034445155000268,16207.880000000003,0.009668247934403568,0.10844841592201462,4.52542372881356
2020-11-08 00:00:00,直通车,nan,245207,2235,0.9114747947652392,281.0,2.8187919463087248,6.876801763917317,63.0,94439.6,13733.070000000002,0,0,1,0,0.32335653433338246,13733.070000000002,0.009114747947652392,0.12572706935123043,4.4603174603174605
2020-11-09 00:00:00,直通车,nan,252197,2862,1.1348271391015752,324.0,3.1446540880503147,5.871416603527506,90.0,112907.40000000001,19230.010000000006,0,0,1,0,0.3608750302343009,19230.010000000006,0.011348271391015753,0.11320754716981132,3.6
2020-11-10 00:00:00,直通车,nan,347369,5126,1.4756642072263213,798.0,5.267264923917284,7.607987432035166,270.0,300978.83,39560.9,0,0,1,0,0.280157582453412,39560.9,0.014756642072263213,0.1556769410846664,2.9555555555555557
2020-11-11 00:00:00,直通车,nan,346401,5895,1.7017849255631479,753.0,6.480067854113655,9.200538400518868,382.0,381589.57,41474.70000000001,0,0,1,0,0.26261838052865855,41474.70000000001,0.01701784925563148,0.127735368956743,1.9712041884816753
2020-11-12 00:00:00,直通车,nan,235279,3105,1.3197097913540945,314.0,1.0628019323671498,2.4514076827089277,33.0,44575.0,18183.43,0,0,1,0,1.241726940046807,18183.43,0.013197097913540946,0.10112721417069243,9.515151515151516
2020-11-13 00:00:00,直通车,nan,218872,2968,1.3560437150480646,303.0,1.5835579514824796,3.5509181479353313,47.0,56792.0,15993.61,0,0,1,0,0.8563271800558844,15993.610000000002,0.013560437150480647,0.102088948787062,6.446808510638298
2020-11-14 00:00:00,直通车,nan,225471,2321,1.029400676805443,194.0,1.163291684618699,2.0092589342347904,27.0,24613.0,12249.790000000003,0,0,1,0,0.8849033225427528,12249.790000000003,0.010294006768054429,0.08358466178371392,7.185185185185185
2020-11-15 00:00:00,直通车,nan,238490,2434,1.0205878653193006,206.0,1.561216105176664,4.4279160079464495,38.0,57193.0,12916.460000000001,0,0,1,0,0.6537133853124152,12916.460000000001,0.010205878653193006,0.08463434675431389,5.421052631578948
2020-11-16 00:00:00,直通车,nan,237367,2519,1.0612258654320104,235.0,1.4291385470424771,3.7773302791191172,36.0,52653.0,13939.210000000003,0,0,1,0,0.7425633208397873,13939.210000000003,0.010612258654320103,0.09329098848749504,6.527777777777778
2020-11-17 00:00:00,直通车,nan,242571,2828,1.165844227051049,302.0,1.8387553041018387,4.185102334122907,52.0,62898.740000000005,15029.200000000003,0,0,1,0,0.6340398988654551,15029.200000000004,0.01165844227051049,0.10678925035360678,5.8076923076923075
2020-11-18 00:00:00,直通车,nan,186861,2479,1.3266545721151017,230.0,1.8959257765227915,4.107744674499788,47.0,49538.99,12059.900000000001,0,0,1,0,0.6997397200581569,12059.900000000001,0.013266545721151017,0.0927793465106898,4.8936170212765955
2020-11-19 00:00:00,直通车,nan,172847,2475,1.4319022025259334,249.0,1.9393939393939394,6.025871865254592,48.0,69678.0,11563.140000000003,0,0,1,0,0.7383245731774344,11563.140000000003,0.014319022025259334,0.1006060606060606,5.1875
2020-11-20 00:00:00,直通车,nan,194644,2417,1.2417541768562093,194.0,1.6135705419942077,4.709293271490524,39.0,53101.520000000004,11275.900000000001,0,0,1,0,0.7695691911439635,11275.900000000001,0.012417541768562093,0.08026479106330162,4.9743589743589745
2020-11-21 00:00:00,直通车,nan,211096,2215,1.049285633076894,214.0,2.076749435665914,7.081451706205138,46.0,74062.0,10458.59,0,0,1,0,0.5052538428837653,10458.59,0.01049285633076894,0.09661399548532731,4.6521739130434785
2020-11-22 00:00:00,直通车,nan,213370,2249,1.0540375872896846,183.0,1.511783014673188,4.954868733233923,34.0,53066.0,10709.87,0,0,1,0,0.6972148628866178,10709.87,0.010540375872896846,0.08136949755446865,5.382352941176471
2020-11-23 00:00:00,直通车,nan,113572,1898,1.6711865600676223,168.0,1.84404636459431,4.649864887474989,35.0,40575.0,8726.06,0,0,1,0,0.9062605974309563,8726.06,0.016711865600676223,0.08851422550052687,4.8
2020-11-24 00:00:00,直通车,nan,71503,1688,2.3607401088066235,128.0,2.4289099526066353,7.223320549622158,41.0,52869.0,7319.210000000001,0,0,1,0,0.9719339765038,7319.210000000001,0.023607401088066235,0.07582938388625593,3.1219512195121952
2020-11-26 00:00:00,直通车,nan,86565,1577,1.8217524403627332,133.0,1.8389346861128724,5.658249593061321,29.0,37681.0,6659.48,0,0,1,0,0.9906564132593209,6659.48,0.018217524403627332,0.08433734939759036,4.586206896551724
2020-11-27 00:00:00,直通车,nan,73066,1377,1.8845974872033502,109.0,1.670297748729121,5.509591930911728,23.0,30087.0,5460.84,0,0,1,0,1.1283003216865277,5460.84,0.018845974872033502,0.07915758896151052,4.739130434782608
2020-11-28 00:00:00,直通车,nan,78610,1251,1.5914005851672814,111.0,1.3589128697042365,4.326643266432664,17.0,21633.0,4999.95,0,0,1,0,1.1710836070848643,4999.95,0.015914005851672814,0.08872901678657075,6.529411764705882
2020-11-29 00:00:00,直通车,nan,42023,712,1.6943102586678724,71.0,0.5617977528089888,3.2272109421459523,4.0,9117.0,2825.0399999999995,0,0,1,0,3.0158722604288126,2825.0399999999995,0.016943102586678725,0.0997191011235955,17.75
2020-11-30 00:00:00,直通车,nan,0,0,nan,nan,nan,nan,nan,0.0,0.0,0,0,1,0,nan,nan,0.0,0.0,nan
2020-12-01 00:00:00,直通车,nan,59799,996,1.6655796919680932,79.0,1.3052208835341366,3.232667049321668,13.0,13460.470000000001,4163.89,0,0,1,0,1.276090287077093,4163.89,0.016655796919680933,0.07931726907630522,6.076923076923077
2020-12-02 00:00:00,直通车,nan,77885,1315,1.6883867240161776,116.0,2.9657794676806084,11.766060386535926,39.0,63667.8,5411.139999999999,0,0,1,0,0.5692893697644291,5411.139999999999,0.016883867240161776,0.08821292775665399,2.9743589743589745
2020-12-03 00:00:00,直通车,nan,81421,1322,1.6236597438007392,94.0,2.1936459909228443,7.86296967892681,29.0,43579.33,5542.349999999999,0,0,1,0,0.7401648901050266,5542.349999999999,0.016236597438007393,0.07110438729198185,3.2413793103448274
2020-12-04 00:00:00,直通车,nan,78106,1216,1.556858628018334,89.0,1.8092105263157896,7.825845998824421,22.0,39143.16,5001.779999999999,0,0,1,0,0.8605182234864973,5001.779999999999,0.01556858628018334,0.07319078947368421,4.045454545454546
2020-12-05 00:00:00,直通车,nan,74714,1140,1.5258184543726745,96.0,3.421052631578948,13.607416781056966,39.0,63443.22,4662.400000000001,0,0,1,0,0.44600847127816634,4662.400000000001,0.015258184543726745,0.08421052631578947,2.4615384615384617
2020-12-06 00:00:00,直通车,nan,72231,1087,1.5048940205728842,109.0,2.5758969641214353,8.229297273813405,28.0,37883.57,4603.499999999999,0,0,1,0,0.5842213572724018,4603.499999999999,0.015048940205728842,0.10027598896044158,3.892857142857143
2020-12-07 00:00:00,直通车,nan,191532,1704,0.8896685671323852,162.0,1.9953051643192488,3.409239374465888,34.0,28244.730000000003,8284.759999999998,0,0,1,0,0.4458809524687013,8284.759999999998,0.008896685671323852,0.09507042253521127,4.764705882352941
2020-12-08 00:00:00,直通车,nan,284991,2043,0.7168647430971504,220.0,2.2515907978463043,5.778922169616234,46.0,70562.20000000001,12210.27,0,0,1,0,0.31838145003206053,12210.27,0.007168647430971504,0.10768477728830152,4.782608695652174
2020-12-09 00:00:00,直通车,nan,250213,2348,0.9384004827886641,302.0,3.9182282793867125,8.056336344109015,92.0,114543.54,14217.819999999996,0,0,1,0,0.23949612321606337,14217.819999999994,0.00938400482788664,0.12862010221465076,3.282608695652174
2020-12-10 00:00:00,直通车,nan,286937,2384,0.8308444013842761,315.0,4.614093959731544,9.207627887213413,110.0,127416.72,13838.169999999998,0,0,1,0,0.18006664117273766,13838.169999999996,0.00830844401384276,0.13213087248322147,2.8636363636363638
2020-12-11 00:00:00,直通车,nan,297396,2405,0.808686061682067,297.0,4.864864864864865,9.46260150099951,117.0,133535.57,14111.929999999998,0,0,1,0,0.16622991267909154,14111.93,0.00808686061682067,0.1234927234927235,2.5384615384615383
2020-12-12 00:00:00,直通车,nan,330649,2718,0.8220197248441702,334.0,4.488594554819721,8.97841004667415,122.0,149235.72,16621.620000000003,0,0,1,0,0.18313521410872577,16621.620000000003,0.008220197248441702,0.12288447387785136,2.737704918032787
2020-12-13 00:00:00,直通车,nan,324233,1797,0.5542310622299396,140.0,1.5581524763494714,3.706222027240645,28.0,36411.0,9824.29,0,0,1,0,0.3556975781525719,9824.29,0.005542310622299396,0.07790762381747357,5.0
2020-12-14 00:00:00,直通车,nan,232053,1879,0.809728811952442,159.0,2.0223523150612026,3.8849207674453554,38.0,37225.0,9581.92,0,0,1,0,0.40038958885753645,9581.92,0.00809728811952442,0.0846194784459819,4.184210526315789
2020-12-15 00:00:00,直通车,nan,128086,1870,1.459956591664975,167.0,1.6577540106951874,6.300794183058247,31.0,56464.0,8961.41,0,0,1,0,0.8806834923914526,8961.41,0.014599565916649751,0.0893048128342246,5.387096774193548
2020-12-16 00:00:00,直通车,nan,131509,1819,1.383175295987347,162.0,2.144035184167125,6.725180698501503,39.0,58468.99,8694.039999999999,0,0,1,0,0.6451271444617908,8694.039999999999,0.013831752959873468,0.08905992303463442,4.153846153846154
2020-12-17 00:00:00,直通车,nan,132975,1770,1.3310772701635645,136.0,2.3163841807909606,6.622435001266666,41.0,56465.0,8526.32,0,0,1,0,0.5746357971193924,8526.32,0.013310772701635646,0.0768361581920904,3.317073170731707
2020-12-18 00:00:00,直通车,nan,122502,1812,1.47915952392614,178.0,2.814569536423841,5.603805853360704,51.0,49379.0,8811.690000000002,0,0,1,0,0.5255366779125815,8811.690000000002,0.0147915952392614,0.09823399558498896,3.4901960784313726
2020-12-19 00:00:00,直通车,nan,142905,1641,1.148315314369686,145.0,2.1937842778793417,5.407411817913477,36.0,42684.0,7893.61,0,0,1,0,0.5234403974668486,7893.61,0.011483153143696861,0.08836075563680683,4.027777777777778
2020-12-20 00:00:00,直通车,nan,133303,1499,1.1245058250752047,133.0,1.534356237491661,4.003575056093377,23.0,27907.0,6970.5199999999995,0,0,1,0,0.7328844486033617,6970.519999999999,0.011245058250752046,0.08872581721147432,5.782608695652174
2020-12-21 00:00:00,直通车,nan,115816,1653,1.4272639358983215,137.0,2.2988505747126435,4.926881991561471,38.0,40251.0,8169.669999999999,0,0,1,0,0.6208598121157699,8169.669999999999,0.014272639358983215,0.08287961282516637,3.6052631578947367
2020-12-22 00:00:00,直通车,nan,96733,1590,1.6436996681587464,154.0,3.018867924528302,7.89034100778241,48.0,60416.42,7657.010000000001,0,0,1,0,0.5444755150775847,7657.010000000001,0.016436996681587462,0.09685534591194969,3.2083333333333335
2020-12-23 00:00:00,直通车,nan,97465,1691,1.734981788334274,141.0,1.8923713778829097,4.423531946302647,32.0,36138.0,8169.489999999999,0,0,1,0,0.9168294387728928,8169.489999999998,0.01734981788334274,0.0833826138379657,4.40625
2020-12-24 00:00:00,直通车,nan,100980,1706,1.6894434541493364,147.0,1.6412661195779603,4.9334396129954365,28.0,40384.89,8185.950000000002,0,0,1,0,1.0293537617067028,8185.950000000001,0.016894434541493364,0.08616647127784291,5.25
2020-12-25 00:00:00,直通车,nan,98339,1748,1.7775246850181514,116.0,1.7162471395881007,5.210028926453995,30.0,44650.0,8570.01,0,0,1,0,1.0357043831372428,8570.01,0.017775246850181513,0.06636155606407322,3.8666666666666667
2020-12-26 00:00:00,直通车,nan,116774,1687,1.444670902769452,117.0,1.1262596324836989,3.1753282558285716,19.0,25511.0,8034.129999999999,0,0,1,0,1.2827156910379292,8034.129999999999,0.01444670902769452,0.06935388263189093,6.157894736842105
2020-12-27 00:00:00,直通车,nan,147771,1537,1.0401228928544843,115.0,1.5614834092387768,3.3820332026090667,24.0,24966.0,7381.95,0,0,1,0,0.6661120359655593,7381.95,0.010401228928544844,0.07482108002602472,4.791666666666667
2020-12-28 00:00:00,直通车,nan,134036,1722,1.2847294756632548,126.0,2.0325203252032518,6.303824815233336,35.0,53164.0,8433.609999999999,0,0,1,0,0.6320869020263215,8433.609999999999,0.012847294756632547,0.07317073170731707,3.6
2020-12-29 00:00:00,直通车,nan,119384,1495,1.2522616095959258,91.0,1.8729096989966554,6.787597109516976,28.0,49041.0,7225.089999999999,0,0,1,0,0.6686182522663962,7225.089999999999,0.012522616095959258,0.06086956521739131,3.25
2020-12-30 00:00:00,直通车,nan,89429,1224,1.3686835366603674,75.0,1.7973856209150325,6.469700088031364,22.0,37408.0,5782.030000000002,0,0,1,0,0.7614857494874044,5782.030000000002,0.013686835366603674,0.061274509803921566,3.409090909090909
2020-12-31 00:00:00,直通车,nan,77168,961,1.2453348538254199,51.0,1.9771071800208115,4.797060056597841,19.0,21969.0,4579.679999999999,0,0,1,0,0.6298772602769624,4579.679999999999,0.0124533485382542,0.053069719042663895,2.6842105263157894
2021-01-01 00:00:00,直通车,nan,96175,934,0.9711463478034832,67.0,1.9271948608137044,6.266491673282458,18.0,27311.0,4358.259999999999,0,0,1,0,0.5039170493602518,4358.259999999999,0.009711463478034832,0.07173447537473233,3.7222222222222223
2021-01-02 00:00:00,直通车,nan,108637,1086,0.9996594162209929,72.0,1.0128913443830572,2.4794725638046518,11.0,12719.0,5129.720000000001,0,0,1,0,0.986936478196362,5129.720000000001,0.009996594162209929,0.06629834254143646,6.545454545454546
2021-01-03 00:00:00,直通车,nan,103063,960,0.9314691014234011,63.0,0.9375,2.9560707482042057,9.0,13531.0,4577.359999999999,0,0,1,0,0.9935670415182946,4577.359999999999,0.009314691014234011,0.065625,7.0
2021-01-04 00:00:00,直通车,nan,103737,1314,1.2666647387142487,100.0,1.97869101978691,6.3717589478611,26.0,41113.01,6452.38,0,0,1,0,0.6401528717963549,6452.38,0.012666647387142486,0.076103500761035,3.8461538461538463
2021-01-05 00:00:00,直通车,nan,108988,1360,1.2478437993173561,82.0,1.6911764705882353,5.446763023510679,23.0,35336.91,6487.6900000000005,0,0,1,0,0.7378554639441758,6487.6900000000005,0.012478437993173561,0.060294117647058824,3.5652173913043477
2021-01-06 00:00:00,直通车,nan,103988,1454,1.3982382582605686,104.0,2.3383768913342506,6.876227598470732,34.0,45126.0,6562.609999999999,0,0,1,0,0.5979524786796666,6562.609999999999,0.013982382582605686,0.07152682255845942,3.0588235294117645
2021-01-07 00:00:00,直通车,nan,91976,1621,1.7624162825084806,139.0,2.0357803824799507,5.144082183432725,33.0,37816.0,7351.360000000001,0,0,1,0,0.8657202405897718,7351.360000000001,0.017624162825084805,0.08574953732264035,4.212121212121212
2021-01-08 00:00:00,直通车,nan,76400,1382,1.8089005235602096,96.0,1.9536903039073805,4.6752908110735225,27.0,29243.57,6254.92,0,0,1,0,0.9258890828000776,6254.92,0.018089005235602095,0.0694645441389291,3.5555555555555554
2021-01-09 00:00:00,直通车,nan,91137,1258,1.3803394889013243,90.0,1.2718600953895072,2.793843845648103,16.0,16275.23,5825.389999999999,0,0,1,0,1.0852919231486662,5825.389999999999,0.013803394889013243,0.07154213036565978,5.625
2021-01-10 00:00:00,直通车,nan,101766,1089,1.0701019987029068,87.0,2.479338842975207,4.348668587280842,27.0,21993.0,5057.41,0,0,1,0,0.4316078061435057,5057.41,0.010701019987029067,0.07988980716253444,3.2222222222222223
2021-01-11 00:00:00,直通车,nan,84412,1141,1.3517035492583993,98.0,1.3146362839614372,3.787461802721735,15.0,19955.0,5268.699999999999,0,0,1,0,1.0281958331358891,5268.699999999999,0.013517035492583993,0.08588957055214724,6.533333333333333
2021-01-12 00:00:00,直通车,nan,98889,1444,1.4602230784010355,113.0,2.285318559556787,6.144728222228432,33.0,39582.25,6441.66,0,0,1,0,0.6389582197609379,6441.66,0.014602230784010356,0.07825484764542937,3.4242424242424243
2021-01-13 00:00:00,直通车,nan,97946,1523,1.5549384354644396,108.0,2.6263952724885096,6.949506966043846,40.0,45915.74,6607.05,0,0,1,0,0.5920428093030854,6607.05,0.015549384354644397,0.07091267235718976,2.7
2021-01-14 00:00:00,直通车,nan,97118,1542,1.587759220741778,95.0,2.204928664072633,4.570174743935512,34.0,30586.58,6692.649999999999,0,0,1,0,0.7200955054070064,6692.65,0.01587759220741778,0.061608300907911806,2.7941176470588234
2021-01-15 00:00:00,直通车,nan,116705,1502,1.287005698127758,128.0,2.263648468708389,12.030392799593166,34.0,78540.66,6528.520000000002,0,0,1,0,0.5685536937023213,6528.520000000002,0.01287005698127758,0.085219707057257,3.764705882352941
2021-01-16 00:00:00,直通车,nan,145884,1381,0.9466425379068302,113.0,1.8102824040550327,4.629506233166667,25.0,28138.0,6077.969999999998,0,0,1,0,0.522925337939733,6077.9699999999975,0.009466425379068302,0.08182476466328747,4.52
2021-01-17 00:00:00,直通车,nan,151128,1199,0.7933672118998465,100.0,2.0016680567139282,4.298194650163234,24.0,22460.559999999998,5225.580000000001,0,0,1,0,0.3963530362782983,5225.580000000001,0.007933672118998465,0.08340283569641367,4.166666666666667
2021-01-18 00:00:00,直通车,nan,133706,1507,1.1270997561814728,145.0,2.3888520238885205,5.478272535690303,36.0,37771.21,6894.73,0,0,1,0,0.4718164812681887,6894.729999999999,0.011270997561814728,0.0962176509621765,4.027777777777778
2021-01-19 00:00:00,直通车,nan,110984,1389,1.2515317523246594,155.0,3.6717062634989204,7.212717248966298,51.0,46156.63,6399.340000000001,0,0,1,0,0.3408583537213631,6399.340000000001,0.012515317523246593,0.11159107271418287,3.0392156862745097
2021-01-20 00:00:00,直通车,nan,82809,1243,1.5010445724498545,98.0,3.1375703942075623,7.181646991364801,39.0,44086.909999999996,6138.830000000003,0,0,1,0,0.478409847065428,6138.830000000003,0.015010445724498545,0.07884151246983105,2.5128205128205128
2021-01-21 00:00:00,直通车,nan,75868,1211,1.5961933885168977,83.0,2.3947151114781176,8.524022541102655,29.0,54287.880000000005,6368.810000000001,0,0,1,0,0.6665483425841251,6368.81,0.015961933885168977,0.0685383980181668,2.8620689655172415
2021-01-22 00:00:00,直通车,nan,70619,1181,1.6723544655121145,76.0,2.032176121930567,5.939799789427946,24.0,35541.979999999996,5983.699999999999,0,0,1,0,0.8229377599040865,5983.699999999999,0.016723544655121145,0.06435224386113463,3.1666666666666665
2021-01-23 00:00:00,直通车,nan,80970,1048,1.2943065332839323,62.0,1.6221374045801527,5.564314295131731,17.0,29036.15,5218.279999999999,0,0,1,0,0.79790190993033,5218.279999999999,0.012943065332839324,0.05916030534351145,3.6470588235294117
2021-01-24 00:00:00,直通车,nan,83523,1078,1.2906624522586592,92.0,2.3191094619666046,5.936983651384687,25.0,32654.36,5500.16,0,0,1,0,0.5565336494139339,5500.16,0.012906624522586592,0.08534322820037106,3.68
2021-01-25 00:00:00,直通车,nan,75332,1123,1.4907343492805183,86.0,2.8495102404274264,8.858133957968743,32.0,52489.67,5925.589999999999,0,0,1,0,0.5231545857006319,5925.589999999999,0.014907343492805182,0.07658058771148708,2.6875
2021-01-26 00:00:00,直通车,nan,53027,1064,2.006524977841477,85.0,2.161654135338346,4.718727971255136,23.0,26173.510000000002,5546.7300000000005,0,0,1,0,0.9282359027927528,5546.7300000000005,0.02006524977841477,0.07988721804511278,3.6956521739130435
2021-01-27 00:00:00,直通车,nan,50654,1031,2.035377265368974,101.0,1.939864209505335,4.2366388612720955,20.0,20965.77,4948.680000000001,0,0,1,0,1.049236980297706,4948.680000000001,0.020353772653689737,0.0979631425800194,5.05
2021-01-28 00:00:00,直通车,nan,50557,1038,2.053128152382459,94.0,2.7938342967244703,6.261954519803791,29.0,30293.52,4837.71,0,0,1,0,0.7348782835079285,4837.71,0.020531281523824593,0.0905587668593449,3.2413793103448274
2021-01-29 00:00:00,直通车,nan,45708,983,2.1506082086286864,85.0,2.950152594099695,9.957791424019275,29.0,43312.31,4349.59,0,0,1,0,0.7289820238213789,4349.59,0.021506082086286866,0.08646998982706001,2.9310344827586206
2021-01-30 00:00:00,直通车,nan,45886,800,1.7434511615743362,71.0,2.625,8.930386756648996,21.0,30236.950000000004,3385.85,0,0,1,0,0.6641718710759376,3385.85,0.017434511615743362,0.08875,3.380952380952381
2021-01-31 00:00:00,直通车,nan,69976,1021,1.4590716817194467,128.0,1.860920666013712,2.796587003004304,19.0,12399.060000000001,4433.639999999999,0,0,1,0,0.7840590458081869,4433.639999999999,0.014590716817194467,0.12536728697355534,6.7368421052631575
2021-02-01 00:00:00,直通车,nan,36656,812,2.2151898734177213,91.0,2.832512315270936,9.150683021582276,23.0,28878.0,3155.8300000000004,0,0,1,0,0.7820583379196477,3155.8300000000004,0.022151898734177215,0.11206896551724138,3.9565217391304346
2021-02-02 00:00:00,直通车,nan,29619,668,2.2553090921368044,75.0,3.293413173652695,10.715670698907918,22.0,25698.0,2398.17,0,0,1,0,0.6847938516124478,2398.17,0.022553090921368042,0.1122754491017964,3.409090909090909
2021-02-03 00:00:00,直通车,nan,27000,577,2.137037037037037,51.0,3.9861351819757362,12.48547963072408,23.0,24506.0,1962.7600000000002,0,0,1,0,0.5361175523349436,1962.7600000000002,0.02137037037037037,0.08838821490467938,2.217391304347826
2021-02-04 00:00:00,直通车,nan,28889,564,1.952300183460833,40.0,3.1914893617021276,8.94330671833762,18.0,16062.0,1795.98,0,0,1,0,0.6117207241510609,1795.98,0.01952300183460833,0.07092198581560284,2.2222222222222223
2021-02-05 00:00:00,直通车,nan,30106,587,1.949777452999402,71.0,3.4071550255536627,14.165079009301804,20.0,25279.0,1784.6,0,0,1,0,0.5722596824553245,1784.6,0.01949777452999402,0.12095400340715502,3.55
2021-02-06 00:00:00,直通车,nan,26354,556,2.109736662366244,36.0,2.338129496402878,14.01692724830854,13.0,22126.0,1578.5200000000002,0,0,1,0,0.9023181417504859,1578.5200000000002,0.02109736662366244,0.06474820143884892,2.769230769230769
2021-02-07 00:00:00,直通车,nan,22823,478,2.0943784778512904,39.0,1.2552301255230125,5.015494388166975,6.0,7704.0,1536.04,0,0,1,0,1.6685215206881947,1536.0399999999997,0.020943784778512903,0.08158995815899582,6.5
2021-02-08 00:00:00,直通车,nan,21374,504,2.358005052867971,38.0,1.7857142857142856,3.61909926041752,9.0,5740.0,1586.0300000000002,0,0,1,0,1.3204828296060638,1586.0300000000002,0.023580050528679706,0.07539682539682539,4.222222222222222
2021-02-09 00:00:00,直通车,nan,20278,436,2.150113423414538,40.0,1.834862385321101,4.968147419727223,8.0,6972.0,1403.34,0,0,1,0,1.171811815760923,1403.34,0.02150113423414538,0.09174311926605505,5.0
2021-02-10 00:00:00,直通车,nan,16626,384,2.309635510645976,49.0,2.34375,14.79916448584668,9.0,18492.0,1249.53,0,0,1,0,0.9854444845422831,1249.53,0.02309635510645976,0.12760416666666666,5.444444444444445
2021-02-11 00:00:00,直通车,nan,15505,339,2.1863914866172203,117.0,1.1799410029498525,3.4073073854220555,4.0,3886.0,1140.49,0,0,1,0,1.8529667849080942,1140.49,0.0218639148661722,0.34513274336283184,29.25
2021-02-12 00:00:00,直通车,nan,14629,287,1.9618565862328252,30.0,1.7421602787456445,8.352429344757729,5.0,7545.0,903.33,0,0,1,0,1.1261056804976417,903.33,0.01961856586232825,0.10452961672473868,6.0
2021-02-13 00:00:00,直通车,nan,20595,402,1.9519300801165331,42.0,2.736318407960199,14.812409757290082,11.0,19389.0,1308.97,0,0,1,0,0.7133417201880421,1308.97,0.019519300801165332,0.1044776119402985,3.8181818181818183
2021-02-14 00:00:00,直通车,nan,22018,405,1.8394041238986285,36.0,1.2345679012345678,3.2425372570928146,5.0,4295.0,1324.58,0,0,1,0,1.4899173403578891,1324.58,0.018394041238986285,0.08888888888888889,7.2
2021-02-15 00:00:00,直通车,nan,25858,523,2.0225848866888394,58.0,1.5296367112810707,7.934824296466754,8.0,13241.0,1668.7199999999998,0,0,1,0,1.3222648696728287,1668.7199999999998,0.020225848866888392,0.11089866156787763,7.25
2021-02-16 00:00:00,直通车,nan,25921,543,2.094826588480383,41.0,1.4732965009208103,5.132399670471931,8.0,8722.0,1699.4,0,0,1,0,1.4218635469310599,1699.4,0.020948265884803828,0.07550644567219153,5.125
2021-02-17 00:00:00,直通车,nan,28999,666,2.2966309183075277,59.0,2.1021021021021022,17.676048888846154,14.0,36763.0,2079.8199999999997,0,0,1,0,1.0925401368520096,2079.8199999999997,0.022966309183075278,0.08858858858858859,4.214285714285714
2021-02-18 00:00:00,直通车,nan,32662,758,2.320739697507807,56.0,2.638522427440633,13.600140656249312,20.0,30941.0,2275.05,0,0,1,0,0.8795603453554589,2275.05,0.023207396975078072,0.07387862796833773,2.8
2021-02-19 00:00:00,直通车,nan,30622,764,2.4949382796682125,89.0,3.2722513089005236,8.91714857509486,25.0,20986.42,2353.49,0,0,1,0,0.7624531382666058,2353.49,0.024949382796682126,0.11649214659685864,3.56
2021-02-20 00:00:00,直通车,nan,31506,805,2.5550688757696944,87.0,3.229813664596273,13.360541253457727,26.0,34341.0,2570.33,0,0,1,0,0.7910886326902323,2570.33,0.025550688757696945,0.10807453416149068,3.3461538461538463
2021-02-21 00:00:00,直通车,nan,28707,635,2.212004040826279,64.0,3.779527559055118,9.687821644045718,24.0,20970.84,2164.66,0,0,1,0,0.5852594024686197,2164.66,0.022120040408262792,0.10078740157480315,2.6666666666666665
2021-02-22 00:00:00,直通车,nan,40048,946,2.3621654015181783,96.0,2.2198731501057085,5.867522040932971,21.0,21969.0,3744.1699999999996,0,0,1,0,1.0640992713505697,3744.1699999999996,0.023621654015181782,0.1014799154334038,4.571428571428571
2021-02-23 00:00:00,直通车,nan,47983,1125,2.3445803722151597,124.0,2.933333333333333,10.753002010415827,33.0,49368.0,4591.09,0,0,1,0,0.7992887632551682,4591.09,0.023445803722151597,0.11022222222222222,3.757575757575758
2021-02-24 00:00:00,直通车,nan,68330,1218,1.7825259768769208,105.0,3.5303776683087027,7.671376438085027,43.0,37207.71,4850.2,0,0,1,0,0.5049108464735093,4850.2,0.017825259768769208,0.08620689655172414,2.441860465116279
2021-02-25 00:00:00,直通车,nan,80237,1254,1.5628699976320153,114.0,3.349282296650718,11.090995510853732,42.0,55885.53,5038.82,0,0,1,0,0.466628327864416,5038.82,0.015628699976320153,0.09090909090909091,2.7142857142857144
2021-02-26 00:00:00,直通车,nan,72736,1192,1.638803343598768,115.0,2.684563758389262,9.004212059399139,32.0,43524.02,4833.740000000001,0,0,1,0,0.6104542454905411,4833.740000000001,0.01638803343598768,0.0964765100671141,3.59375
2021-02-27 00:00:00,直通车,nan,104365,1051,1.0070425909069132,109.0,2.664129400570885,6.457432262285511,28.0,27438.34,4249.1100000000015,0,0,1,0,0.37800062965827347,4249.1100000000015,0.010070425909069132,0.10371075166508087,3.892857142857143
2021-02-28 00:00:00,直通车,nan,103117,1077,1.044444659949378,91.0,1.8570102135561743,3.9063495872420675,20.0,17418.53,4459.030000000001,0,0,1,0,0.5624334493827401,4459.030000000001,0.010444446599493779,0.08449396471680594,4.55
2020-11-01,品销宝,nan,2076,425,20.472061657032757,299,30.823529411764707,39.673446905167516,131,69864.94,1761.0,0,0,0,1,0.6641699392548795,1761.0000000000002,0.20472061657032756,0.7035294117647058,2.282442748091603
2020-11-02,品销宝,nan,1935,413,21.343669250645995,240,16.707021791767556,31.081048924424138,69,52246.0,1680.96,0,0,0,1,1.2775268696401152,1680.96,0.21343669250645994,0.5811138014527845,3.4782608695652173
2020-11-03,品销宝,nan,1930,414,21.450777202072537,174,14.734299516908212,21.253958861994924,61,34842.89,1639.36,0,0,0,1,1.4558396330586936,1639.3600000000001,0.21450777202072538,0.42028985507246375,2.8524590163934427
2020-11-04,品销宝,nan,1750,387,22.114285714285714,144,16.27906976744186,20.26141796100829,63,31999.06,1579.31,0,0,0,1,1.3584489795918366,1579.31,0.22114285714285714,0.37209302325581395,2.2857142857142856
2020-11-05,品销宝,nan,1662,309,18.592057761732853,121,15.210355987055015,24.746744549939002,47,37324.03,1508.24,0,0,0,1,1.2223289039096705,1508.24,0.18592057761732853,0.39158576051779936,2.574468085106383
2020-11-06,品销宝,nan,1561,288,18.449711723254325,192,12.5,17.77411811674794,36,24931.4,1402.68,0,0,0,1,1.475976937860346,1402.68,0.18449711723254325,0.6666666666666666,5.333333333333333
2020-11-07,品销宝,nan,1237,258,20.85691188358933,151,9.689922480620156,9.393635441993164,25,10470.24,1114.61,0,0,0,1,2.1524333063864187,1114.61,0.2085691188358933,0.5852713178294574,6.04
2020-11-08,品销宝,nan,1279,269,21.03205629397967,177,11.524163568773234,19.518224428890225,31,21778.63,1115.81,0,0,0,1,1.825039723574365,1115.81,0.21032056293979673,0.6579925650557621,5.709677419354839
2020-11-09,品销宝,nan,1631,365,22.378908645003065,188,11.232876712328768,20.93920492461901,41,30750.06,1468.54,0,0,0,1,1.9922686964453948,1468.5400000000002,0.22378908645003065,0.5150684931506849,4.585365853658536
2020-11-10,品销宝,nan,2308,476,20.623916811091856,422,24.369747899159663,47.51644506994791,116,95884.86,2017.93,0,0,0,1,0.8462917587999762,2017.93,0.20623916811091855,0.8865546218487395,3.6379310344827585
2020-11-11,品销宝,nan,3404,685,20.123384253819037,520,32.262773722627735,59.857920440030064,221,177602.64,2967.07,0,0,0,1,0.6237338558310426,2967.07,0.20123384253819038,0.7591240875912408,2.3529411764705883
2020-11-12,品销宝,nan,2147,517,24.08011178388449,271,7.156673114119923,15.773307667962042,37,30401.0,1927.37,0,0,0,1,3.36470751142386,1927.37,0.2408011178388449,0.5241779497098646,7.324324324324325
2020-11-13,品销宝,nan,2214,481,21.725383920505873,270,6.4449064449064455,13.534696271834536,31,24919.0,1841.12,0,0,0,1,3.370938601859137,1841.12,0.21725383920505872,0.5613305613305614,8.709677419354838
2020-11-14,品销宝,nan,1530,358,23.398692810457515,226,6.424581005586592,12.225128444652032,23,13087.0,1070.5,0,0,0,1,3.642057402671213,1070.5,0.23398692810457516,0.6312849162011173,9.826086956521738
2020-11-15,品销宝,nan,1245,269,21.606425702811244,170,2.2304832713754648,9.066821046068892,6,8144.0,898.22,0,0,0,1,9.686880856760373,898.22,0.21606425702811244,0.6319702602230484,28.333333333333332
2020-11-16,品销宝,nan,1640,294,17.926829268292682,140,9.523809523809524,17.741794387290923,28,20281.0,1143.12,0,0,0,1,1.8823170731707317,1143.12,0.17926829268292682,0.47619047619047616,5.0
2020-11-17,品销宝,nan,1643,303,18.441874619598295,180,8.25082508250825,21.629208660268187,25,25195.0,1164.86,0,0,0,1,2.2351552038953137,1164.86,0.18441874619598295,0.594059405940594,7.2
2020-11-18,品销宝,nan,1549,287,18.52808263395739,153,7.665505226480835,14.460504627868644,22,15967.0,1104.18,0,0,0,1,2.417072598157169,1104.18,0.1852808263395739,0.5331010452961672,6.954545454545454
2020-11-19,品销宝,nan,1889,301,15.934356802541028,154,7.641196013289036,14.390181457419912,23,17986.0,1249.88,0,0,0,1,2.085322346767326,1249.88,0.15934356802541028,0.5116279069767442,6.695652173913044
2020-11-20,品销宝,nan,1724,300,17.40139211136891,115,5.0,15.685474964745058,15,18464.0,1177.14,0,0,0,1,3.480278422273782,1177.14,0.1740139211136891,0.38333333333333336,7.666666666666667
2020-11-21,品销宝,nan,1499,301,20.08005336891261,128,7.308970099667775,19.946774929826436,22,20537.0,1029.59,0,0,0,1,2.7473163927466793,1029.59,0.2008005336891261,0.42524916943521596,5.818181818181818
2020-11-22,品销宝,nan,1504,301,20.013297872340424,135,3.9867109634551494,11.37131561778825,12,11678.0,1026.97,0,0,0,1,5.020002216312056,1026.97,0.20013297872340424,0.4485049833887043,11.25
2020-11-23,品销宝,nan,1898,382,20.12644889357218,140,6.020942408376963,16.34638834981128,23,21394.48,1308.82,0,0,0,1,3.3427406423237276,1308.82,0.20126448893572182,0.36649214659685864,6.086956521739131
2020-11-24,品销宝,nan,1774,366,20.631341600901916,110,4.098360655737705,9.780871271386404,15,11565.0,1182.41,0,0,0,1,5.034047350620068,1182.41,0.20631341600901917,0.3005464480874317,7.333333333333333
2020-11-25,品销宝,nan,2060,500,24.271844660194176,100,4.3999999999999995,26.63506899072003,22,36078.0,1354.53,0,0,0,1,5.516328331862313,1354.53,0.24271844660194175,0.2,4.545454545454546
2020-11-26,品销宝,nan,1832,316,17.248908296943235,100,6.012658227848101,16.748944010846703,19,19271.0,1150.58,0,0,0,1,2.8687658009652957,1150.58,0.17248908296943233,0.31645569620253167,5.2631578947368425
2020-11-27,品销宝,nan,1772,305,17.21218961625282,105,8.19672131147541,21.303592650150836,25,23304.0,1093.9,0,0,0,1,2.0998871331828446,1093.9,0.1721218961625282,0.3442622950819672,4.2
2020-11-28,品销宝,nan,1569,242,15.423836838750796,95,9.090909090909092,19.33229329173167,22,18588.0,961.5,0,0,0,1,1.6966220522625874,961.5,0.15423836838750796,0.3925619834710744,4.318181818181818
2020-11-29,品销宝,nan,1460,250,17.123287671232877,83,4.0,18.38087221505972,10,17251.0,938.53,0,0,0,1,4.280821917808219,938.53,0.17123287671232876,0.332,8.3
2020-11-30,品销宝,nan,1841,358,19.44595328625747,88,6.424581005586592,37.54088334618555,23,42354.0,1128.21,0,0,0,1,3.026804902817467,1128.21,0.1944595328625747,0.24581005586592178,3.8260869565217392
2020-12-01,品销宝,nan,0,0,nan,0,nan,nan,0,0.0,0.0,0,0,0,1,nan,nan,0.0,0.0,0.0
2020-12-02,品销宝,nan,0,0,nan,0,nan,nan,0,0.0,0.0,0,0,0,1,nan,nan,0.0,0.0,0.0
2020-12-03,品销宝,nan,0,0,nan,0,nan,nan,0,0.0,0.0,0,0,0,1,nan,nan,0.0,0.0,0.0
2020-12-04,品销宝,nan,0,0,nan,0,nan,nan,0,0.0,0.0,0,0,0,1,nan,nan,0.0,0.0,0.0
2020-12-05,品销宝,nan,0,0,nan,0,nan,nan,0,0.0,0.0,0,0,0,1,nan,nan,0.0,0.0,0.0
2020-12-06,品销宝,nan,0,0,nan,0,nan,nan,0,0.0,0.0,0,0,0,1,nan,nan,0.0,0.0,0.0
2020-12-07,品销宝,nan,0,0,nan,0,nan,nan,0,0.0,0.0,0,0,0,1,nan,nan,0.0,0.0,0.0
2020-12-08,品销宝,nan,0,0,nan,0,nan,nan,0,0.0,0.0,0,0,0,1,nan,nan,0.0,0.0,0.0
2020-12-09,品销宝,nan,0,0,nan,0,nan,nan,0,0.0,0.0,0,0,0,1,nan,nan,0.0,0.0,0.0
2020-12-10,品销宝,nan,0,0,nan,0,nan,nan,0,0.0,0.0,0,0,0,1,nan,nan,0.0,0.0,0.0
2020-12-11,品销宝,nan,0,0,nan,0,nan,nan,0,0.0,0.0,0,0,0,1,nan,nan,0.0,0.0,0.0
2020-12-12,品销宝,nan,0,0,nan,0,nan,nan,0,0.0,0.0,0,0,0,1,nan,nan,0.0,0.0,0.0
2020-12-13,品销宝,nan,0,0,nan,0,nan,nan,0,0.0,0.0,0,0,0,1,nan,nan,0.0,0.0,0.0
2020-12-14,品销宝,nan,0,0,nan,0,nan,nan,0,0.0,0.0,0,0,0,1,nan,nan,0.0,0.0,0.0
2020-12-15,品销宝,nan,0,0,nan,0,nan,nan,0,0.0,0.0,0,0,0,1,nan,nan,0.0,0.0,0.0
2020-12-16,品销宝,nan,0,0,nan,0,nan,nan,0,0.0,0.0,0,0,0,1,nan,nan,0.0,0.0,0.0
2020-12-17,品销宝,nan,0,0,nan,0,nan,nan,0,0.0,0.0,0,0,0,1,nan,nan,0.0,0.0,0.0
2020-12-18,品销宝,nan,0,0,nan,0,nan,nan,0,0.0,0.0,0,0,0,1,nan,nan,0.0,0.0,0.0
2020-12-19,品销宝,nan,0,0,nan,0,nan,nan,0,0.0,0.0,0,0,0,1,nan,nan,0.0,0.0,0.0
2020-12-20,品销宝,nan,0,0,nan,0,nan,nan,0,0.0,0.0,0,0,0,1,nan,nan,0.0,0.0,0.0
2020-12-21,品销宝,nan,0,0,nan,0,nan,nan,0,0.0,0.0,0,0,0,1,nan,nan,0.0,0.0,0.0
2020-12-22,品销宝,nan,0,0,nan,0,nan,nan,0,0.0,0.0,0,0,0,1,nan,nan,0.0,0.0,0.0
2020-12-23,品销宝,nan,0,0,nan,0,nan,nan,0,0.0,0.0,0,0,0,1,nan,nan,0.0,0.0,0.0
2020-12-24,品销宝,nan,0,0,nan,0,nan,nan,0,0.0,0.0,0,0,0,1,nan,nan,0.0,0.0,0.0
2020-12-25,品销宝,nan,0,0,nan,0,nan,nan,0,0.0,0.0,0,0,0,1,nan,nan,0.0,0.0,0.0
2020-12-26,品销宝,nan,0,0,nan,0,nan,nan,0,0.0,0.0,0,0,0,1,nan,nan,0.0,0.0,0.0
2020-12-27,品销宝,nan,0,0,nan,0,nan,nan,0,0.0,0.0,0,0,0,1,nan,nan,0.0,0.0,0.0
2020-12-28,品销宝,nan,0,0,nan,0,nan,nan,0,0.0,0.0,0,0,0,1,nan,nan,0.0,0.0,0.0
2020-12-29,品销宝,nan,0,0,nan,0,nan,nan,0,0.0,0.0,0,0,0,1,nan,nan,0.0,0.0,0.0
2020-12-30,品销宝,nan,0,0,nan,0,nan,nan,0,0.0,0.0,0,0,0,1,nan,nan,0.0,0.0,0.0
2020-12-31,品销宝,nan,0,0,nan,0,nan,nan,0,0.0,0.0,0,0,0,1,nan,nan,0.0,0.0,0.0
2021-01-01,品销宝,nan,0,0,nan,0,nan,nan,0,0.0,0.0,0,0,0,1,nan,nan,0.0,0.0,0.0
2021-01-02,品销宝,nan,0,0,nan,0,nan,nan,0,0.0,0.0,0,0,0,1,nan,nan,0.0,0.0,0.0
2021-01-03,品销宝,nan,0,0,nan,0,nan,nan,0,0.0,0.0,0,0,0,1,nan,nan,0.0,0.0,0.0
2021-01-04,品销宝,nan,0,0,nan,0,nan,nan,0,0.0,0.0,0,0,0,1,nan,nan,0.0,0.0,0.0
2021-01-05,品销宝,nan,0,0,nan,0,nan,nan,0,0.0,0.0,0,0,0,1,nan,nan,0.0,0.0,0.0
2021-01-06,品销宝,nan,0,0,nan,0,nan,nan,0,0.0,0.0,0,0,0,1,nan,nan,0.0,0.0,0.0
2021-01-07,品销宝,nan,0,0,nan,0,nan,nan,0,0.0,0.0,0,0,0,1,nan,nan,0.0,0.0,0.0
2021-01-08,品销宝,nan,0,0,nan,0,nan,nan,0,0.0,0.0,0,0,0,1,nan,nan,0.0,0.0,0.0
2021-01-09,品销宝,nan,0,0,nan,0,nan,nan,0,0.0,0.0,0,0,0,1,nan,nan,0.0,0.0,0.0
2021-01-10,品销宝,nan,0,0,nan,0,nan,nan,0,0.0,0.0,0,0,0,1,nan,nan,0.0,0.0,0.0
2021-01-11,品销宝,nan,0,0,nan,0,nan,nan,0,0.0,0.0,0,0,0,1,nan,nan,0.0,0.0,0.0
2021-01-12,品销宝,nan,0,0,nan,0,nan,nan,0,0.0,0.0,0,0,0,1,nan,nan,0.0,0.0,0.0
2021-01-13,品销宝,nan,0,0,nan,0,nan,nan,0,0.0,0.0,0,0,0,1,nan,nan,0.0,0.0,0.0
2021-01-14,品销宝,nan,0,0,nan,0,nan,nan,0,0.0,0.0,0,0,0,1,nan,nan,0.0,0.0,0.0
2021-01-15,品销宝,nan,0,0,nan,0,nan,nan,0,0.0,0.0,0,0,0,1,nan,nan,0.0,0.0,0.0
2021-01-16,品销宝,nan,0,0,nan,0,nan,nan,0,0.0,0.0,0,0,0,1,nan,nan,0.0,0.0,0.0
2021-01-17,品销宝,nan,0,0,nan,0,nan,nan,0,0.0,0.0,0,0,0,1,nan,nan,0.0,0.0,0.0
2021-01-18,品销宝,nan,0,0,nan,0,nan,nan,0,0.0,0.0,0,0,0,1,nan,nan,0.0,0.0,0.0
2021-01-19,品销宝,nan,0,0,nan,0,nan,nan,0,0.0,0.0,0,0,0,1,nan,nan,0.0,0.0,0.0
2021-01-20,品销宝,nan,0,0,nan,0,nan,nan,0,0.0,0.0,0,0,0,1,nan,nan,0.0,0.0,0.0
2021-01-21,品销宝,nan,0,0,nan,0,nan,nan,0,0.0,0.0,0,0,0,1,nan,nan,0.0,0.0,0.0
2021-01-22,品销宝,nan,0,0,nan,0,nan,nan,0,0.0,0.0,0,0,0,1,nan,nan,0.0,0.0,0.0
2021-01-23,品销宝,nan,0,0,nan,0,nan,nan,0,0.0,0.0,0,0,0,1,nan,nan,0.0,0.0,0.0
2021-01-24,品销宝,nan,0,0,nan,0,nan,nan,0,0.0,0.0,0,0,0,1,nan,nan,0.0,0.0,0.0
2021-01-25,品销宝,nan,0,0,nan,0,nan,nan,0,0.0,0.0,0,0,0,1,nan,nan,0.0,0.0,0.0
2021-01-26,品销宝,nan,0,0,nan,0,nan,nan,0,0.0,0.0,0,0,0,1,nan,nan,0.0,0.0,0.0
2021-01-27,品销宝,nan,0,0,nan,0,nan,nan,0,0.0,0.0,0,0,0,1,nan,nan,0.0,0.0,0.0
2021-01-28,品销宝,nan,0,0,nan,0,nan,nan,0,0.0,0.0,0,0,0,1,nan,nan,0.0,0.0,0.0
2021-01-29,品销宝,nan,0,0,nan,0,nan,nan,0,0.0,0.0,0,0,0,1,nan,nan,0.0,0.0,0.0
2021-01-30,品销宝,nan,0,0,nan,0,nan,nan,0,0.0,0.0,0,0,0,1,nan,nan,0.0,0.0,0.0
2021-01-31,品销宝,nan,0,0,nan,0,nan,nan,0,0.0,0.0,0,0,0,1,nan,nan,0.0,0.0,0.0
2021-02-01,品销宝,nan,0,0,nan,0,nan,nan,0,0.0,0.0,0,0,0,1,nan,nan,0.0,0.0,0.0
2021-02-02,品销宝,nan,0,0,nan,0,nan,nan,0,0.0,0.0,0,0,0,1,nan,nan,0.0,0.0,0.0
2021-02-03,品销宝,nan,0,0,nan,0,nan,nan,0,0.0,0.0,0,0,0,1,nan,nan,0.0,0.0,0.0
2021-02-04,品销宝,nan,0,0,nan,0,nan,nan,0,0.0,0.0,0,0,0,1,nan,nan,0.0,0.0,0.0
2021-02-05,品销宝,nan,0,0,nan,0,nan,nan,0,0.0,0.0,0,0,0,1,nan,nan,0.0,0.0,0.0
2021-02-06,品销宝,nan,0,0,nan,0,nan,nan,0,0.0,0.0,0,0,0,1,nan,nan,0.0,0.0,0.0
2021-02-07,品销宝,nan,0,0,nan,0,nan,nan,0,0.0,0.0,0,0,0,1,nan,nan,0.0,0.0,0.0
2021-02-08,品销宝,nan,0,0,nan,0,nan,nan,0,0.0,0.0,0,0,0,1,nan,nan,0.0,0.0,0.0
2021-02-09,品销宝,nan,0,0,nan,0,nan,nan,0,0.0,0.0,0,0,0,1,nan,nan,0.0,0.0,0.0
2021-02-10,品销宝,nan,0,0,nan,0,nan,nan,0,0.0,0.0,0,0,0,1,nan,nan,0.0,0.0,0.0
2021-02-11,品销宝,nan,0,0,nan,0,nan,nan,0,0.0,0.0,0,0,0,1,nan,nan,0.0,0.0,0.0
2021-02-12,品销宝,nan,0,0,nan,0,nan,nan,0,0.0,0.0,0,0,0,1,nan,nan,0.0,0.0,0.0
2021-02-13,品销宝,nan,0,0,nan,0,nan,nan,0,0.0,0.0,0,0,0,1,nan,nan,0.0,0.0,0.0
2021-02-14,品销宝,nan,0,0,nan,0,nan,nan,0,0.0,0.0,0,0,0,1,nan,nan,0.0,0.0,0.0
2021-02-15,品销宝,nan,0,0,nan,0,nan,nan,0,0.0,0.0,0,0,0,1,nan,nan,0.0,0.0,0.0
2021-02-16,品销宝,nan,0,0,nan,0,nan,nan,0,0.0,0.0,0,0,0,1,nan,nan,0.0,0.0,0.0
2021-02-17,品销宝,nan,0,0,nan,0,nan,nan,0,0.0,0.0,0,0,0,1,nan,nan,0.0,0.0,0.0
2021-02-18,品销宝,nan,0,0,nan,0,nan,nan,0,0.0,0.0,0,0,0,1,nan,nan,0.0,0.0,0.0
2021-02-19,品销宝,nan,0,0,nan,0,nan,nan,0,0.0,0.0,0,0,0,1,nan,nan,0.0,0.0,0.0
2021-02-20,品销宝,nan,0,0,nan,0,nan,nan,0,0.0,0.0,0,0,0,1,nan,nan,0.0,0.0,0.0
2021-02-21,品销宝,nan,0,0,nan,0,nan,nan,0,0.0,0.0,0,0,0,1,nan,nan,0.0,0.0,0.0
2021-02-22,品销宝,nan,0,0,nan,0,nan,nan,0,0.0,0.0,0,0,0,1,nan,nan,0.0,0.0,0.0
2021-02-23,品销宝,nan,0,0,nan,0,nan,nan,0,0.0,0.0,0,0,0,1,nan,nan,0.0,0.0,0.0
2021-02-24,品销宝,nan,0,0,nan,0,nan,nan,0,0.0,0.0,0,0,0,1,nan,nan,0.0,0.0,0.0
2021-02-25,品销宝,nan,0,0,nan,0,nan,nan,0,0.0,0.0,0,0,0,1,nan,nan,0.0,0.0,0.0
2021-02-26,品销宝,nan,0,0,nan,0,nan,nan,0,0.0,0.0,0,0,0,1,nan,nan,0.0,0.0,0.0
2021-02-27,品销宝,nan,0,0,nan,0,nan,nan,0,0.0,0.0,0,0,0,1,nan,nan,0.0,0.0,0.0
2021-02-28,品销宝,nan,0,0,nan,0,nan,nan,0,0.0,0.0,0,0,0,1,nan,nan,0.0,0.0,0.0
